cell_id	truths
AAACGCTAGCATGCGA-1_A549	A549
AACCATGAGGATAATC-1_A549	A549
AACGGGAAGTTACGTC-1_A549	A549
AAGCATCTCGTAGAGG-1_A549	A549
AAGTACCAGGGTAATT-1_A549	A549
ACCACAAAGTTCCAGT-1_A549	A549
ACCTACCAGAGAGGTA-1_A549	A549
ACGGTCGAGTTCTCTT-1_A549	A549
AGTAACCTCAAGTCTG-1_A549	A549
AGTACCATCCTCTCTT-1_A549	A549
CACGGGTAGTCGAAAT-1_A549	A549
CAGAGCCCAACTACGT-1_A549	A549
CATCAAGCAAGTTCCA-1_A549	A549
CATCGGGGTCTTCCGT-1_A549	A549
CGCCATTGTCAAACGG-1_A549	A549
CTACAGAGTTGCAACT-1_A549	A549
CTGTGGGGTCCAGCCA-1_A549	A549
GAACGTTGTATGGTTC-1_A549	A549
GAAGTAAGTGGTCTTA-1_A549	A549
GAGTGAGGTGAGCCAA-1_A549	A549
GAGTGTTGTTCGGGTC-1_A549	A549
GATGAGGAGAGGCGGA-1_A549	A549
GATGTTGCACGGTCTG-1_A549	A549
GGAATCTCACCTGAAT-1_A549	A549
GGGCGTTCAATGGCAG-1_A549	A549
GGGTATTCACGCAAAG-1_A549	A549
GGTGGCTAGCCTTGAT-1_A549	A549
GTCACTCAGAATACAC-1_A549	A549
TAACCAGCAAAGGGCT-1_A549	A549
TAACTTCAGCAATAGT-1_A549	A549
TAGGGTTGTAAGCTCT-1_A549	A549
TCATTGTGTTACACTG-1_A549	A549
TCCAGAACACATTACG-1_A549	A549
TCGTCCAAGCGTACAG-1_A549	A549
TCGTCCACACACGGAA-1_A549	A549
TCTCAGCAGTTTCGAC-1_A549	A549
TCTGTCGCATACCATG-1_A549	A549
TGGGTTAAGCTCTATG-1_A549	A549
TTACAGGGTCGACTTA-1_A549	A549
TTGACCCCATGGCTGC-1_A549	A549
AATGACCTCGGACAAG-1_CCL-185-IG	CCL-185-IG
ACACCAATCAAATGAG-1_CCL-185-IG	CCL-185-IG
ACCTGTCAGACCATGG-1_CCL-185-IG	CCL-185-IG
ACGCACGTCAGGGTAG-1_CCL-185-IG	CCL-185-IG
AGCTTCCCACCGCTGA-1_CCL-185-IG	CCL-185-IG
ATGAGTCGTAGCTGCC-1_CCL-185-IG	CCL-185-IG
ATGCGATAGTTAACAG-1_CCL-185-IG	CCL-185-IG
ATGTCTTGTTCGTACA-1_CCL-185-IG	CCL-185-IG
ATTCTTGGTCATAGTC-1_CCL-185-IG	CCL-185-IG
CAACCAATCACTGAAC-1_CCL-185-IG	CCL-185-IG
CATGGATAGGTGCTGA-1_CCL-185-IG	CCL-185-IG
CATTGAGCACCGAATT-1_CCL-185-IG	CCL-185-IG
CCACAAATCGTGGTAT-1_CCL-185-IG	CCL-185-IG
CCCAACTGTGGATTTC-1_CCL-185-IG	CCL-185-IG
CCCAACTTCCTATTGT-1_CCL-185-IG	CCL-185-IG
CCGTTCAAGCGCCATC-1_CCL-185-IG	CCL-185-IG
CGACAGCCACGATAGG-1_CCL-185-IG	CCL-185-IG
CGCATGGCAACGATTC-1_CCL-185-IG	CCL-185-IG
CGGAGAAGTATGTCAC-1_CCL-185-IG	CCL-185-IG
CTCTCAGTCCAACCAA-1_CCL-185-IG	CCL-185-IG
GACCAATGTGCTCTTC-1_CCL-185-IG	CCL-185-IG
GCATCGGAGTTGTCAC-1_CCL-185-IG	CCL-185-IG
GCATTAGTCAAGTGGG-1_CCL-185-IG	CCL-185-IG
GCGGATCTCGCAACAT-1_CCL-185-IG	CCL-185-IG
GGCTTTCTCATTCGTT-1_CCL-185-IG	CCL-185-IG
GTAGGTTCAATGACCT-1_CCL-185-IG	CCL-185-IG
GTAGTACTCATCTGTT-1_CCL-185-IG	CCL-185-IG
GTGCGTGAGGGCATGT-1_CCL-185-IG	CCL-185-IG
GTGGTTACACGTTGGC-1_CCL-185-IG	CCL-185-IG
GTGTGGCTCCCATTCG-1_CCL-185-IG	CCL-185-IG
TACGGTACAGCCTACG-1_CCL-185-IG	CCL-185-IG
TAGAGTCTCCATAAGC-1_CCL-185-IG	CCL-185-IG
TCAAGACGTGTTTGCA-1_CCL-185-IG	CCL-185-IG
TCACAAGCAGGCACAA-1_CCL-185-IG	CCL-185-IG
TCAGGGCGTCAGATTC-1_CCL-185-IG	CCL-185-IG
TCGATTTCAGCTCTGG-1_CCL-185-IG	CCL-185-IG
TCTTTGAAGGGAGGTG-1_CCL-185-IG	CCL-185-IG
TGAGTCAGTTGATCGT-1_CCL-185-IG	CCL-185-IG
TGCGACGCATGCTGCG-1_CCL-185-IG	CCL-185-IG
TGCTTGCGTCGTCATA-1_CCL-185-IG	CCL-185-IG
AACCAACGTTCCGCAG-1_CRL5868	CRL5868
AACCATGTCCGAGATT-1_CRL5868	CRL5868
ACGATCATCGGCCAAC-1_CRL5868	CRL5868
ACGGTCGTCTTACTGT-1_CRL5868	CRL5868
AGACTCATCAGACCCG-1_CRL5868	CRL5868
AGATCCAAGCCATTCA-1_CRL5868	CRL5868
AGCGTATTCCGGCAGT-1_CRL5868	CRL5868
AGGGCTCCATCGATGT-1_CRL5868	CRL5868
ATCCCTGAGCTAGCCC-1_CRL5868	CRL5868
CAACAGTGTCCGAAGA-1_CRL5868	CRL5868
CATAAGCGTCTTTCTA-1_CRL5868	CRL5868
CCTCCAACAATGAACA-1_CRL5868	CRL5868
CCTTGTGGTTCCATTT-1_CRL5868	CRL5868
CGTCAAAAGAACCGCA-1_CRL5868	CRL5868
CGTTAGAGTTCTTAGG-1_CRL5868	CRL5868
CTAAGTGGTCAAACGG-1_CRL5868	CRL5868
CTGCAGGGTAGACAGC-1_CRL5868	CRL5868
GAAGGGTGTCAAAGCG-1_CRL5868	CRL5868
GAGGGATGTTACACAC-1_CRL5868	CRL5868
GAGTTGTAGGTTATAG-1_CRL5868	CRL5868
GTAGTACTCTGTCCGT-1_CRL5868	CRL5868
GTGTAACGTGTGTACT-1_CRL5868	CRL5868
GTTGTGAGTGATTCTG-1_CRL5868	CRL5868
GTTTGGATCCAACTGA-1_CRL5868	CRL5868
TACATTCAGACGAAGA-1_CRL5868	CRL5868
TACCTCGTCCTTATGT-1_CRL5868	CRL5868
TATTCCACAAGAGCTG-1_CRL5868	CRL5868
TCCGGGACAATTGCTG-1_CRL5868	CRL5868
TCCGTGTTCTGGGCCA-1_CRL5868	CRL5868
TCTGGCTCAACCGCCA-1_CRL5868	CRL5868
TGAATCGAGGTCACCC-1_CRL5868	CRL5868
TGCATGAGTAACTGCT-1_CRL5868	CRL5868
TGTAACGGTCAGTCCG-1_CRL5868	CRL5868
TGTCCACAGAAAGCGA-1_CRL5868	CRL5868
TGTGAGTAGGCTCTAT-1_CRL5868	CRL5868
TTCCAATCATGGAATA-1_CRL5868	CRL5868
TTCGGTCGTGTCCGGT-1_CRL5868	CRL5868
TTCTAACAGGTGGTTG-1_CRL5868	CRL5868
TTGACCCAGATGGCAC-1_CRL5868	CRL5868
TTGCATTTCCACCTGT-1_CRL5868	CRL5868
ACAGAAACACTTGGGC-1_DV90	DV90
ACATGCAGTCGCTTGG-1_DV90	DV90
AGATAGAGTCTTTCTA-1_DV90	DV90
AGATCCAAGGGAGGTG-1_DV90	DV90
AGCTACAGTATCGTTG-1_DV90	DV90
ATGAAAGAGTGGAAAG-1_DV90	DV90
ATGGGAGGTGTCATGT-1_DV90	DV90
ATTACTCCACCTCTAC-1_DV90	DV90
ATTACTCTCTTCGACC-1_DV90	DV90
CAAAGAAGTTGCCGAC-1_DV90	DV90
CACAGATGTTTGTTCT-1_DV90	DV90
CACTTCGGTATGTCAC-1_DV90	DV90
CAGGTATCAGATCATC-1_DV90	DV90
CAGTGCGAGTTCGGTT-1_DV90	DV90
CCGAACGTCACATACG-1_DV90	DV90
CGTGCTTAGTTGGACG-1_DV90	DV90
CTACTATAGTTCCAGT-1_DV90	DV90
CTCCTTTCAGAGTAAT-1_DV90	DV90
CTCGAGGTCGTCAACA-1_DV90	DV90
GAAACCTAGGCGATAC-1_DV90	DV90
GATCCCTAGCACCGTC-1_DV90	DV90
GATGGAGAGGATATAC-1_DV90	DV90
GATGTTGGTACTGCGC-1_DV90	DV90
GCCAGTGAGGTTAGTA-1_DV90	DV90
GGCAGTCAGACCGCCT-1_DV90	DV90
GGGAGATTCAAGTAAG-1_DV90	DV90
GGGTTATTCGCTTGAA-1_DV90	DV90
GTGTAACCAACGCATT-1_DV90	DV90
TACTTCAAGGTGCATG-1_DV90	DV90
TAGAGTCTCGACATCA-1_DV90	DV90
TATGTTCGTACACGCC-1_DV90	DV90
TCATATCAGCGTGAAC-1_DV90	DV90
TCATTTGCACCCTATC-1_DV90	DV90
TCCGTGTAGCAATTCC-1_DV90	DV90
TCCTCTTTCCGGGACT-1_DV90	DV90
TCGAAGTGTTTCGATG-1_DV90	DV90
TCTATCAGTTTCGACA-1_DV90	DV90
TCTTCCTCATCCAATG-1_DV90	DV90
TGATCAGTCTTCCAGC-1_DV90	DV90
TTCCTCTTCGGTTGTA-1_DV90	DV90
AAATGGATCTTCGTAT-1_HCC78	HCC78
AATGAAGGTAGTCTGT-1_HCC78	HCC78
ACATGCAGTGGTCTGC-1_HCC78	HCC78
ACCATTTCAGACAAGC-1_HCC78	HCC78
AGTCAACAGAGTGAAG-1_HCC78	HCC78
ATAGACCAGTTTGAGA-1_HCC78	HCC78
CACATGAAGGCAATGC-1_HCC78	HCC78
CACCGTTGTGCAAGAC-1_HCC78	HCC78
CACCGTTTCCGAGGCT-1_HCC78	HCC78
CACGGGTGTCAGATTC-1_HCC78	HCC78
CATGCGGTCTGTCCCA-1_HCC78	HCC78
CATTCCGTCCACCTCA-1_HCC78	HCC78
CATTGCCCACAACCGC-1_HCC78	HCC78
CCGAACGCAAAGAACT-1_HCC78	HCC78
CGAGGAAAGGAATCGC-1_HCC78	HCC78
CGTAATGTCACTACGA-1_HCC78	HCC78
CTACATTGTGAGTTGG-1_HCC78	HCC78
CTACCCATCAGTGTTG-1_HCC78	HCC78
CTTAGGAAGAGTAACT-1_HCC78	HCC78
GAACACTTCCGGTAGC-1_HCC78	HCC78
GAAGAATCAAACTGCT-1_HCC78	HCC78
GACGCTGGTTGCCGCA-1_HCC78	HCC78
GACTCTCGTCGCCACA-1_HCC78	HCC78
GAGTTGTAGGTGCTAG-1_HCC78	HCC78
GCCCGAAAGTAGTCAA-1_HCC78	HCC78
GGGTTATTCCCAGGAC-1_HCC78	HCC78
GGGTTTATCGGAGATG-1_HCC78	HCC78
GTCACTCCAGTGGTGA-1_HCC78	HCC78
GTGACGCCACTTCAAG-1_HCC78	HCC78
GTTGTGAGTTTCCAAG-1_HCC78	HCC78
TATCAGGGTGGACTAG-1_HCC78	HCC78
TCATTACGTTGCTGAT-1_HCC78	HCC78
TCTCACGCAACATCGT-1_HCC78	HCC78
TCTGTCGCACGGCACT-1_HCC78	HCC78
TGATCAGTCCCATAAG-1_HCC78	HCC78
TGATGCACAGGCTTGC-1_HCC78	HCC78
TTCGGTCAGTCCCTAA-1_HCC78	HCC78
TTGCCTGGTCATGACT-1_HCC78	HCC78
TTGGGCGAGTGCCGAA-1_HCC78	HCC78
TTTCATGAGCACGTCC-1_HCC78	HCC78
ACACCAAGTGTGAGCA-1_HTB178_HTB178	HTB178
ACATGCAAGTAAACGT-1_HTB178_HTB178	HTB178
ACGATCAGTGATCGTT-1_HTB178_HTB178	HTB178
ACGATGTGTCATCCGG-1_HTB178_HTB178	HTB178
AGTACCACACTACACA-1_HTB178_HTB178	HTB178
AGTGACTAGTCGAATA-1_HTB178_HTB178	HTB178
ATACCTTTCACATACG-1_HTB178_HTB178	HTB178
ATGGGTTCATGACCCG-1_HTB178_HTB178	HTB178
CACCAAATCGTCTACC-1_HTB178_HTB178	HTB178
CATGCTCAGTAGTCTC-1_HTB178_HTB178	HTB178
CATGGTAGTAGTTAGA-1_HTB178_HTB178	HTB178
CATTCATGTGATACCT-1_HTB178_HTB178	HTB178
CCGTTCACAGGTCTCG-1_HTB178_HTB178	HTB178
CGGAATTCAAGAATGT-1_HTB178_HTB178	HTB178
CGGGTCAAGCCGAATG-1_HTB178_HTB178	HTB178
GAGTGAGCAGCTGAGA-1_HTB178_HTB178	HTB178
GAGTGTTTCCTCTCGA-1_HTB178_HTB178	HTB178
GCACATACATCTCAAG-1_HTB178_HTB178	HTB178
GCGGATCAGTCATAGA-1_HTB178_HTB178	HTB178
GGAGCAACACGCAAAG-1_HTB178_HTB178	HTB178
GGAGGATAGTTATGGA-1_HTB178_HTB178	HTB178
GGGACAACAGGAGACT-1_HTB178_HTB178	HTB178
GGGTCTGTCCGTGGGT-1_HTB178_HTB178	HTB178
GTCGAATGTTGCTGAT-1_HTB178_HTB178	HTB178
GTGATGTCACGCTGAC-1_HTB178_HTB178	HTB178
GTGTCCTCACTACCGG-1_HTB178_HTB178	HTB178
TAAGTCGGTCTCACAA-1_HTB178_HTB178	HTB178
TACTGCCAGCAATTAG-1_HTB178_HTB178	HTB178
TAGACTGGTAGTTAGA-1_HTB178_HTB178	HTB178
TAGGTACTCGGACCAC-1_HTB178_HTB178	HTB178
TCAATCTAGGGTCACA-1_HTB178_HTB178	HTB178
TCCACGTCAGCTTCGG-1_HTB178_HTB178	HTB178
TGCATCCAGCGACAGT-1_HTB178_HTB178	HTB178
TGCCGAGGTTTGATCG-1_HTB178_HTB178	HTB178
TGTGAGTAGTGGTGGT-1_HTB178_HTB178	HTB178
TGTTGGAGTCACTGAT-1_HTB178_HTB178	HTB178
TTCGCTGGTGTGGACA-1_HTB178_HTB178	HTB178
TTCGGTCGTTATCTGG-1_HTB178_HTB178	HTB178
TTGACCCGTAGAGCTG-1_HTB178_HTB178	HTB178
TTGGTTTTCAAGCCGC-1_HTB178_HTB178	HTB178
AAAGTGACAGCCTACG-1_PBMC	PBMCs
AACCACATCTATTTCG-1_PBMC	PBMCs
AATCGACCATGCCGCA-1_PBMC	PBMCs
ACCAACAGTGTGTTTG-1_PBMC	PBMCs
ACGTTCCAGACGACGT-1_PBMC	PBMCs
AGACTCACACGCTATA-1_PBMC	PBMCs
AGTCAACTCTTTACAC-1_PBMC	PBMCs
ATTCGTTAGCTCGTGC-1_PBMC	PBMCs
CATCCACCATACACCA-1_PBMC	PBMCs
CCACTTGCAACTGGTT-1_PBMC	PBMCs
CCCTGATTCTTGAGCA-1_PBMC	PBMCs
CCTGTTGTCGCCCAGA-1_PBMC	PBMCs
CCTTCAGCAGTTAAAG-1_PBMC	PBMCs
CGCGTGAGTTAAACAG-1_PBMC	PBMCs
CGCGTGATCGACACTA-1_PBMC	PBMCs
CGTGATAAGGTCGCCT-1_PBMC	PBMCs
CTAACCCCAACTCCCT-1_PBMC	PBMCs
CTACCTGGTCTATGAC-1_PBMC	PBMCs
CTACGGGAGAAATTCG-1_PBMC	PBMCs
CTCCAACGTGAATTAG-1_PBMC	PBMCs
CTGGTCTCAAGCGATG-1_PBMC	PBMCs
GAGACTTCATTCTTCA-1_PBMC	PBMCs
GCATGATCAACCACGC-1_PBMC	PBMCs
GCGGAAATCAGTCATG-1_PBMC	PBMCs
GGTTCTCGTAACCCGC-1_PBMC	PBMCs
GTAATGCAGGTGGTTG-1_PBMC	PBMCs
GTTACGAGTAGGAAAG-1_PBMC	PBMCs
TAAGCGTGTCTACAAC-1_PBMC	PBMCs
TACCCACCATGACCCG-1_PBMC	PBMCs
TACTTCAAGGGTGAAA-1_PBMC	PBMCs
TACTTGTAGGAATCGC-1_PBMC	PBMCs
TATCGCCGTCTTCGAA-1_PBMC	PBMCs
TCAGCAACAGTAGATA-1_PBMC	PBMCs
TCGACCTCACAAACGG-1_PBMC	PBMCs
TCTCACGGTGAGACCA-1_PBMC	PBMCs
TCTCAGCCACCGTGGT-1_PBMC	PBMCs
TGCGATAAGTTGGACG-1_PBMC	PBMCs
TGTCCACTCCGGGACT-1_PBMC	PBMCs
TTCTAACTCCAACTGA-1_PBMC	PBMCs
TTGGGATGTTTACCTT-1_PBMC	PBMCs
AAACGCTAGGTGGGTT-1_PC9	PC9
AACAACCCAACTGAAA-1_PC9	PC9
ACCAACAGTCTGTGAT-1_PC9	PC9
ACGTAACTCGTCAACA-1_PC9	PC9
AGATGCTAGCTCTATG-1_PC9	PC9
ATACCGATCATCTACT-1_PC9	PC9
ATTCCATGTCGTCGGT-1_PC9	PC9
CAATCGATCTAGTCAG-1_PC9	PC9
CACAGGCTCAAGCCGC-1_PC9	PC9
CAGCAATTCACCATAG-1_PC9	PC9
CATAAGCGTAGTCTTG-1_PC9	PC9
CATACAGGTGCCTAAT-1_PC9	PC9
CGCATAACAGGTGACA-1_PC9	PC9
CGTGAATGTCATATGC-1_PC9	PC9
CTAACTTAGATAACAC-1_PC9	PC9
CTACAGAAGGATTTGA-1_PC9	PC9
CTACCTGGTCGTTATG-1_PC9	PC9
CTCGAGGAGCTCGAAG-1_PC9	PC9
CTGTCGTAGCCATTGT-1_PC9	PC9
CTGTGAATCCGATAAC-1_PC9	PC9
GAAGTAAGTCACTTAG-1_PC9	PC9
GAATAGATCAACTGAC-1_PC9	PC9
GACAGCCTCCATTCGC-1_PC9	PC9
GCATCGGGTACGCGTC-1_PC9	PC9
GCGGATCGTGGCAGAT-1_PC9	PC9
GCGTTTCGTGAGTAGC-1_PC9	PC9
GGTGTCGCAGAAATTG-1_PC9	PC9
GGTGTTAGTGATCATC-1_PC9	PC9
GTGCACGGTCCGGACT-1_PC9	PC9
TACCTCGAGGTTGAGC-1_PC9	PC9
TAGCACATCTGGGTCG-1_PC9	PC9
TCGCAGGCATTGTACG-1_PC9	PC9
TCTTCCTCAAGGGCAT-1_PC9	PC9
TGCACGGTCTAGACAC-1_PC9	PC9
TGGGTTAAGGTGGTTG-1_PC9	PC9
TGGGTTATCCCTAGGG-1_PC9	PC9
TGTAGACCAGGCTTGC-1_PC9	PC9
TTGCATTTCCTTTAGT-1_PC9	PC9
TTGGGATGTGCCAAGA-1_PC9	PC9
TTGTTGTCACGACGTC-1_PC9	PC9
